Whale_ID,Selection,View,Channel,Begin.Time..s.,End.Time..s.,Low.Freq..Hz.,High.Freq..Hz.,Peak.Freq..Hz.,Dur.90...s.,Begin.File,BW.90...Hz.,Center.Freq..Hz.,Freq.5...Hz.,Freq.95...Hz.,Time.95..Rel.,PFC.Num.Inf.Pts,Notes,Harmonics,SNR,dB.RMS,FreqRange,CallType,seconds_elapsed,Time_of_Day,Time_Only
bp23_205c,95,Spectrogram 1,1,8984.289848,8985.02314,18.293,242.152,35.156,0.1707,bp23_205c001_48kHz.wav,117.188,35.156,29.297,146.484,0.75,4,pulse,,20,158,HF,HFD,8984.289848,32:37.3,15:32:37
bp23_205d,1,Spectrogram 1,1,5986.508025,5987.375909,8.721,444.767,46.875,0.1905,bp23_205d001_2kHz.wav,15.625,46.875,39.062,54.688,,3,call,Y,38,185.8,HF,HFD,5986.508025,52:36.5,17:52:36
,3,Spectrogram 1,1,6622.655534,6624.999284,0.9,170.058,23.438,1.7145,bp23_205d001_2kHz.wav,15.625,23.438,15.625,31.25,,5,downsweep?,Y,21,178.8,LF,LFR,6622.655534,03:12.7,18:03:12
,5,Spectrogram 1,1,6631.780772,6633.391229,0,119.913,23.438,0.508,bp23_205d001_2kHz.wav,15.625,23.438,15.625,31.25,,1,pulse/call,Y,36,187.8,LF,LFR,6631.780772,03:21.8,18:03:21
,7,Spectrogram 1,1,6659.574425,6660.776466,0,644.904,15.625,0.508,bp23_205d001_2kHz.wav,7.812,15.625,15.625,23.438,,1,20 Hz pulse,Y,45,192.8,LF,LFDB,6659.574425,03:49.6,18:03:49
,9,Spectrogram 1,1,6668.584771,6669.90284,0,824.207,15.625,0.5715,bp23_205d001_2kHz.wav,7.812,23.438,15.625,23.438,,0,20 Hz pulse,Y,45,192.8,LF,LFDB,6668.584771,03:58.6,18:03:58
,11,Spectrogram 1,1,6676.995186,6678.16474,0,597.134,23.438,0.508,bp23_205d001_2kHz.wav,7.812,23.438,15.625,23.438,,2,20 Hz pulse,Y,47,192.8,LF,LFDB,6676.995186,04:07.0,18:04:06
,13,Spectrogram 1,1,6682.078697,6684.63177,0,716.561,23.438,0.8255,bp23_205d001_2kHz.wav,15.625,23.438,15.625,31.25,,5,downsweep?,Y,47,191.8,LF,LFR,6682.078697,04:12.1,18:04:12
,15,Spectrogram 1,1,6770.112817,6771.284077,0,358.28,15.625,0.508,bp23_205d001_2kHz.wav,7.812,15.625,15.625,23.438,,1,pulse,Y,29,191.8,LF,LFDB,6770.112817,05:40.1,18:05:40
,17,Spectrogram 1,1,6939.745234,6941.629515,0,530.255,23.438,0.635,bp23_205d001_2kHz.wav,15.625,23.438,15.625,31.25,,2,call/downsweep?,Y,44,190.8,LF,LFR,6939.745234,08:29.7,18:08:29
,19,Spectrogram 1,1,7248.936648,7249.553913,9.327,595.477,46.875,0.1905,bp23_205d002_2kHz.wav,15.625,46.875,39.062,54.688,,1,40 Hz pulse,Y,23,187.8,HF,HFD,7248.936648,13:38.9,18:13:38
,21,Spectrogram 1,1,8298.979774,8300.511333,0,117.259,23.438,0.889,bp23_205d002_2kHz.wav,15.625,23.438,15.625,31.25,,1,20 Hz pulse?,y,33,188.8,LF,LFR,8298.979774,31:09.0,18:31:08
,23,Spectrogram 1,1,8571.7237,8573.304607,0,285.152,23.438,0.5715,bp23_205d002_2kHz.wav,15.625,23.438,15.625,31.25,,3,20 Hz pulse?,Y,38,189.8,LF,LFR,8571.7237,35:41.7,18:35:41
,25,Spectrogram 1,1,10443.19817,10443.84328,0,469.036,39.062,0.1905,bp23_205d002_2kHz.wav,15.625,39.062,31.25,46.875,,3,pulse?,Y,38,189.8,HF,HFD,10443.19817,06:53.2,19:06:53
,27,Spectrogram 1,1,10724.41161,10725.25165,0,277.157,39.062,0.254,bp23_205d002_2kHz.wav,15.625,39.062,31.25,46.875,,3,40 Hz,Y,30,186.8,HF,HFD,10724.41161,11:34.4,19:11:34
,29,Spectrogram 1,1,10930.38695,10931.18986,0,429.061,46.875,0.1905,bp23_205d002_2kHz.wav,15.625,46.875,39.062,54.688,,3,40 Hz,Y,41,187.8,HF,HFD,10930.38695,15:00.4,19:15:00
,31,Spectrogram 1,1,12202.6191,12203.96966,4.229,183.883,23.438,0.5715,bp23_205d002_2kHz.wav,15.625,23.438,15.625,31.25,,4,20 Hz/downsweep,Y,23,182.8,LF,LFR,12202.6191,36:12.6,19:36:12
,33,Spectrogram 1,1,13601.51687,13602.30585,0,351.777,39.062,0.1905,bp23_205d002_2kHz.wav,15.625,39.062,31.25,46.875,,0,40 Hz?,Y,45,187.8,HF,HFD,13601.51687,59:31.5,19:59:31
,35,Spectrogram 1,1,6752.843213,6754.541851,2.392,277.157,23.438,0.508,bp23_205d001_2kHz.wav,15.625,23.438,15.625,31.25,,2,20 Hz?,Y,43,188.8,LF,LFR,6752.843213,05:22.8,18:05:22
,37,Spectrogram 1,1,6759.446117,6760.764186,0,114.594,23.438,0.508,bp23_205d001_2kHz.wav,15.625,23.438,15.625,31.25,,2,20 Hz?,Y,47,189.8,LF,LFR,6759.446117,05:29.4,18:05:29
,39,Spectrogram 1,1,14824.281,14825.22778,8.458,277.157,39.062,0.254,bp23_205d002_2kHz.wav,15.625,39.062,31.25,46.875,,1,40 Hz,Y,30,184.8,HF,HFD,14824.281,19:54.3,20:19:54
,41,Spectrogram 1,1,14630.5635,14631.37105,11.387,287.817,39.062,0.1905,bp23_205d002_2kHz.wav,15.625,39.062,31.25,46.875,,1,40 Hz,Y,41,186.8,HF,HFD,14630.5635,16:40.6,20:16:40
,43,Spectrogram 1,1,6650.597057,6651.910485,0,325.127,23.438,0.5715,bp23_205d001_2kHz.wav,15.625,23.438,15.625,31.25,,0,20 Hz?,Y,42,190.8,LF,LFDB,6650.597057,03:40.6,18:03:40
bp23_206f,1,Spectrogram 1,1,7335.800554,7336.80688,9.62,62.092,31.25,0.576,bp23_206f002_2kHz.wav,23.438,23.438,15.625,39.062,,0,pulse,,10,140,LF,LFD,7335.800554,01:24.8,18:01:24
,3,Spectrogram 1,1,697.1129723,698.2561582,10.494,72.586,23.438,0.64,bp23_206f001_2kHz.wav,31.25,23.438,15.625,46.875,,4,Call,,10,143,LF,LFDB,697.1129723,10:46.1,16:10:46
,5,Spectrogram 1,1,744.1598986,745.629104,13.118,153.918,31.25,0.64,bp23_206f001_2kHz.wav,23.438,31.25,23.438,46.875,,3,Call,,13,148,LF,LFDB,744.1598986,11:33.2,16:11:33
,7,Spectrogram 1,1,1006.789165,1007.827693,13.118,199.394,31.25,0.448,bp23_206f001_2kHz.wav,46.875,31.25,23.438,70.312,,1,pulse,,12,142,LF,LFDB,1006.789165,15:55.8,16:15:55
,9,Spectrogram 1,1,1015.834098,1016.687462,10.494,46.35,31.25,0.32,bp23_206f001_2kHz.wav,15.625,31.25,23.438,39.062,,1,pulse,,13,143,LF,LFD,1015.834098,16:04.8,16:16:04
,11,Spectrogram 1,1,9583.103883,9584.804086,15.742,187.99,31.25,0.64,bp23_206f002_2kHz.wav,93.75,31.25,23.438,117.188,,6,call,,13,143,LF,LFDB,9583.103883,38:52.1,18:38:52
,13,Spectrogram 1,1,9916.106992,9917.165513,9.894,48.234,31.25,0.576,bp23_206f002_2kHz.wav,23.438,31.25,15.625,39.062,,0,pulse,,11,142,LF,LFD,9916.106992,44:25.1,18:44:25
,15,Spectrogram 1,1,394.5579245,395.6125538,11.369,51.597,23.438,0.512,bp23_206f001_2kHz.wav,15.625,23.438,15.625,31.25,,2,pulse,,11,143,LF,LFD,394.5579245,05:43.6,16:05:43
,17,Spectrogram 1,1,1274.793289,1275.894566,8.745,53.347,23.438,0.512,bp23_206f001_2kHz.wav,15.625,23.438,15.625,31.25,,0,pulse,,10,141,LF,LFD,1274.793289,20:23.8,16:20:23
,19,Spectrogram 1,1,1688.173983,1689.381665,10.494,45.476,31.25,0.512,bp23_206f001_2kHz.wav,15.625,31.25,23.438,39.062,,0,pulse,,11,143,LF,LFD,1688.173983,27:17.2,16:27:17
,21,Spectrogram 1,1,1918.135321,1919.229534,11.369,56.441,31.25,0.512,bp23_206f001_2kHz.wav,23.438,23.438,15.625,39.062,,0,pulse,,10,141,LF,LFD,1918.135321,31:07.1,16:31:07
bp23_212d,1,Spectrogram 1,1,1689.761384,1690.41125,13.956,215.517,41.016,0.256,bp23_212d001_48kHz.wav,99.609,41.016,35.156,134.766,,2,pulse,,18,160,HF,HFD,1689.761384,03:54.8,11:03:54
,3,Spectrogram 1,1,2197.598776,2198.176363,22.915,258.621,41.016,0.1707,bp23_212d001_48kHz.wav,105.469,46.875,35.156,140.625,,1,pulse (good example),,21,161,HF,HFD,2197.598776,12:22.6,11:12:22
,5,Spectrogram 1,1,7087.040381,7087.512952,22.915,262.931,41.016,0.256,bp23_212d001_48kHz.wav,128.906,41.016,35.156,164.062,,0,pulse,,13,155,HF,HFD,7087.040381,33:52.0,12:33:52
,7,Spectrogram 1,1,7166.577923,7167.103003,22.915,235.702,41.016,0.256,bp23_212d001_48kHz.wav,117.188,41.016,35.156,152.344,,1,pulse,,12,155,HF,HFD,7166.577923,35:11.6,12:35:11
,9,Spectrogram 1,1,7388.943327,7389.599676,13.095,211.15,41.016,0.1707,bp23_212d001_48kHz.wav,82.031,41.016,35.156,117.188,,0,pulse,,18,160,HF,HFD,7388.943327,38:53.9,12:38:53
,11,Spectrogram 1,1,9465.981602,9466.795475,9.821,206.239,29.297,0.4267,bp23_212d001_48kHz.wav,134.766,29.297,23.438,158.203,,1,pulse,,18,156,LF,LFDB,9465.981602,13:31.0,13:13:30
,13,Spectrogram 1,1,34139.98342,34140.98107,6.547,119.488,29.297,0.3413,bp23_212d003_48kHz.wav,11.719,29.297,23.438,35.156,,2,pulse,,15,153,LF,LFDB,34139.98342,04:45.0,20:04:44
,15,Spectrogram 1,1,51855.85124,51856.45508,18.319,230.769,41.016,0.3413,bp23_212d004_48kHz.wav,117.188,41.016,35.156,152.344,,0,pulse,,14,152,HF,W,51855.85124,00:00.9,1:00:00
,17,Spectrogram 1,1,70026.88178,70027.29252,26.94,405.367,105.469,0.1707,bp23_212d005_48kHz.wav,117.188,105.469,52.734,169.922,,1,pulse,,10,154,HHF,U,70026.88178,02:51.9,6:02:51
bp23_213c,1,Spectrogram 1,1,30028.9972,30030.66205,10.845,192.113,31.25,0.64,,85.938,31.25,15.625,101.562,,8,pulse?,,11,159,LF,LFR,30028.9972,09:46.0,3:09:45
bp24_204a,1,Spectrogram 1,1,10707.93288,10708.24137,1.1,216.753,,0.0853,,76.172,58.594,11.719,87.891,,1,20 Hz,,24,167,B,BP,10707.93288,33:45.9,20:33:45
bp24_205d,1,Spectrogram 1,1,3114.472522,3115.204956,0,127.971,,0.32,,15.625,7.812,0,15.625,,2,20 Hz?,,33,177.8,B,BP,3114.472522,58:18.5,16:58:18
,3,Spectrogram 1,1,38502.84803,38503.6023,13.835,176.392,,0.512,,15.625,31.25,23.438,39.062,,0,20 Hz?,,17,167.8,LF,LFDB,38502.84803,48:06.8,2:48:06
bp24_207b,1,Spectrogram 1,1,1365.177837,1365.924195,17.123,208.904,,0.192,,23.438,70.312,54.688,78.125,,3,40 Hz,,15,167,HF,W,1365.177837,02:51.2,10:02:51
,3,Spectrogram 1,1,1533.109709,1533.731751,6.849,239.726,,0.256,,23.438,62.5,54.688,78.125,,2,40 Hz,Y,11,165,HF,HFD,1533.109709,05:39.1,10:05:39
,5,Spectrogram 1,1,1668.875562,1669.265413,6.849,195.205,,0.192,,23.438,70.312,54.688,78.125,,0,40 Hz? faint,Y,10,162,HF,HFD,1668.875562,07:54.9,10:07:54
bp24_209d,58,Spectrogram 1,1,32058.94507,32060.95448,2.095,37.709,,1.664,,11.719,3.906,3.906,15.625,,,,,12,157.8,LF,LFR,32058.94507,01:52.9,23:01:52
,80,Spectrogram 1,1,40103.39493,40104.48842,17.696,41.478,,0.512,,7.812,31.25,27.344,35.156,,,,,21,176.8,LF,LFC,40103.39493,15:57.4,1:15:57
,78,Spectrogram 1,1,40163.29034,40164.47729,0,34.567,,0.512,,7.812,3.906,0,7.812,,,,,10,159.8,LF,BP,40163.29034,16:57.3,1:16:57
,112,Spectrogram 1,1,44343.70796,44345.12857,12.406,39.699,,0.512,,11.719,23.438,19.531,31.25,,,,,16,162.8,LF,LFD,44343.70796,26:37.7,2:26:37
,119,Spectrogram 1,1,44635.80285,44636.87765,8.594,39.997,,0.512,,7.812,19.531,15.625,23.438,,,,,12,159.8,LF,LFC,44635.80285,31:29.8,2:31:29
,129,Spectrogram 1,1,44773.54249,44775.15002,10.742,44.044,,0.896,,11.719,23.438,15.625,27.344,,,,,13,160.8,LF,LFD,44773.54249,33:47.5,2:33:47
,130,Spectrogram 1,1,44783.89828,44784.90766,10.742,36.524,,0.384,,7.812,19.531,15.625,23.438,,,,,20,165.8,LF,LFC,44783.89828,33:57.9,2:33:57
,131,Spectrogram 1,1,44790.45108,44791.79692,12.891,38.673,,0.64,,7.812,19.531,15.625,23.438,,,,,13,162.8,LF,LFD,44790.45108,34:04.5,2:34:04
,137,Spectrogram 1,1,44885.22383,44886.23321,9.668,38.673,,0.512,,7.812,19.531,15.625,23.438,,,,,10,160.8,LF,LFC,44885.22383,35:39.2,2:35:39
,144,Spectrogram 1,1,44989.75692,44991.02799,12.891,59.814,,0.384,,7.812,23.438,19.531,27.344,,,,,18,165.8,LF,LFD,44989.75692,37:23.8,2:37:23
,149,Spectrogram 1,1,45032.92293,45033.91362,8.594,48.599,,0.64,,7.812,19.531,15.625,23.438,,,,,20,164.8,LF,LFC,45032.92293,38:06.9,2:38:06
,150,Spectrogram 1,1,45041.07835,45042.39615,8.594,34.376,,0.64,,7.812,19.531,15.625,23.438,,,,,21,166.8,LF,LFC,45041.07835,38:15.1,2:38:15
,153,Spectrogram 1,1,45057.13106,45058.14979,11.851,78.513,,0.384,,11.719,23.438,19.531,31.25,,,,,14,163.8,LF,LFD,45057.13106,38:31.1,2:38:31
,160,Spectrogram 1,1,45146.58774,45148.08312,10.742,42.97,,0.64,,11.719,23.438,15.625,27.344,,,,,19,164.8,LF,LFD,45146.58774,40:00.6,2:40:00
,165,Spectrogram 1,1,45199.34723,45200.63699,9.668,42.97,,0.512,,7.812,23.438,19.531,27.344,,,,,21,173.8,LF,LFD,45199.34723,40:53.3,2:40:53
,166,Spectrogram 1,1,45209.90296,45210.73476,8.888,32.227,,0.384,,7.812,19.531,15.625,23.438,,,,,12,159.8,LF,LFC,45209.90296,41:03.9,2:41:03
,167,Spectrogram 1,1,45218.12517,45219.34886,8.07,32.227,,0.512,,7.812,19.531,15.625,23.438,,,,,22,168.8,LF,LFD,45218.12517,41:12.1,2:41:12
,168,Spectrogram 1,1,45242.33591,45244.11708,11.817,42.97,,0.768,,11.719,23.438,15.625,27.344,,,,,14,157.8,LF,LFD,45242.33591,41:36.3,2:41:36
,169,Spectrogram 1,1,45252.1494,45253.30063,9.668,36.524,,0.384,,7.812,19.531,15.625,23.438,,,,,16,160.8,LF,LFC,45252.1494,41:46.1,2:41:46
,172,Spectrogram 1,1,45286.69727,45288.22985,9.668,36.524,,0.512,,7.812,19.531,15.625,23.438,,,,,17,164.8,LF,LFC,45286.69727,42:20.7,2:42:20
,174,Spectrogram 1,1,45336.7188,45337.82978,7.52,34.376,,0.512,,7.812,19.531,15.625,23.438,,,,,10,158.8,LF,LFC,45336.7188,43:10.7,2:43:10
,175,Spectrogram 1,1,45345.3444,45346.43928,6.445,52.335,,0.64,,7.812,19.531,15.625,23.438,,,,,12,160.8,LF,LFC,45345.3444,43:19.3,2:43:19
,176,Spectrogram 1,1,45352.9222,45353.95268,4.652,44.044,,0.512,,11.719,23.438,19.531,31.25,,,,,12,165.8,LF,LFD,45352.9222,43:26.9,2:43:26
,177,Spectrogram 1,1,45512.30048,45513.33901,10.03,65.128,,0.384,,7.812,23.438,19.531,27.344,,,,,16,170.8,LF,LFD,45512.30048,46:06.3,2:46:06
,178,Spectrogram 1,1,45528.18645,45529.20887,11.853,36.472,,0.384,,7.812,23.438,19.531,27.344,,,,,12,164.8,LF,LFD,45528.18645,46:22.2,2:46:22
,179,Spectrogram 1,1,45535.86692,45537.08256,10.942,39.207,,0.384,,7.812,23.438,19.531,27.344,,,,,18,167.8,LF,LFD,45535.86692,46:29.9,2:46:29
,181,Spectrogram 1,1,45553.89793,45555.37119,10.942,91.877,,0.64,,11.719,23.438,19.531,31.25,,,,,21,166.8,LF,LFD,45553.89793,46:47.9,2:46:47
,182,Spectrogram 1,1,45563.25848,45564.43387,6.383,87.225,,0.512,,7.812,19.531,15.625,23.438,,,,,18,162.8,LF,LFD,45563.25848,46:57.3,2:46:57
,183,Spectrogram 1,1,45567.57516,45568.97596,10.942,44.678,,0.64,,7.812,23.438,19.531,27.344,,,,,23,173.8,LF,LFD,45567.57516,47:01.6,2:47:01
,189,Spectrogram 1,1,45608.21385,45609.34898,7.279,55.113,,0.512,,7.812,19.531,15.625,23.438,,,,,14,166.8,LF,LFD,45608.21385,47:42.2,2:47:42
,191,Spectrogram 1,1,45641.259,45642.40219,9.118,63.432,,0.64,,11.719,23.438,19.531,31.25,,,,,20,172.8,LF,LFD,45641.259,48:15.3,2:48:15
,192,Spectrogram 1,1,45657.78332,45658.95871,6.383,33.736,,0.256,,7.812,19.531,15.625,23.438,,,,,20,170.8,LF,LFD,45657.78332,48:31.8,2:48:31
,197,Spectrogram 1,1,45797.69657,45799.04102,10.942,39.207,,0.512,,7.812,23.438,19.531,27.344,,,,,18,168.8,LF,LFD,45797.69657,50:51.7,2:50:51
,203,Spectrogram 1,1,45872.57379,45873.79748,13.677,39.207,,0.64,,7.812,23.438,19.531,27.344,,,,,15,161.8,LF,LFD,45872.57379,52:06.6,2:52:06
,209,Spectrogram 1,1,45932.39844,45933.65265,11.853,40.119,,0.768,,11.719,23.438,19.531,31.25,,,,,11,163.8,LF,LFD,45932.39844,53:06.4,2:53:06
,210,Spectrogram 1,1,45942.6692,45943.68358,10.942,33.736,,0.512,,7.812,19.531,15.625,23.438,,,,,12,160.8,LF,LFC,45942.6692,53:16.7,2:53:16
,211,Spectrogram 1,1,45951.34913,45952.42791,11.853,31.913,,0.512,,7.812,19.531,15.625,23.438,,,,,17,162.8,LF,LFC,45951.34913,53:25.3,2:53:25
,212,Spectrogram 1,1,45960.32357,45961.47481,6.239,86.309,,0.512,,7.812,19.531,15.625,23.438,,,,,20,166.8,LF,LFC,45960.32357,53:34.3,2:53:34
,213,Spectrogram 1,1,45970.62823,45971.81972,9.118,34.648,,0.512,,7.812,19.531,15.625,23.438,,,,,23,166.8,LF,LFC,45970.62823,53:44.6,2:53:44
,214,Spectrogram 1,1,45978.47009,45979.75818,9.118,75.91,,0.512,,7.812,19.531,15.625,23.438,,,,,22,166.8,LF,LFC,45978.47009,53:52.5,2:53:52
,215,Spectrogram 1,1,45988.34541,45989.38393,8.206,66.551,,0.512,,7.812,19.531,15.625,23.438,,,,,21,164.8,LF,LFC,45988.34541,54:02.3,2:54:02
,216,Spectrogram 1,1,45995.88833,45997.20863,12.765,75.91,,0.512,,7.812,19.531,15.625,23.438,,,,,23,166.8,LF,LFD,45995.88833,54:09.9,2:54:09
,217,Spectrogram 1,1,46006.16964,46007.4421,8.206,37.384,,0.512,,7.812,19.531,15.625,23.438,,,,,19,165.8,LF,LFC,46006.16964,54:20.2,2:54:20
,218,Spectrogram 1,1,46014.41769,46015.81044,10.03,93.588,,0.64,,7.812,19.531,15.625,23.438,,,,,22,166.8,LF,LFC,46014.41769,54:28.4,2:54:28
,219,Spectrogram 1,1,46022.65292,46023.94102,10.942,29.177,,0.64,,7.812,19.531,15.625,23.438,,,,,21,164.8,LF,LFC,46022.65292,54:36.7,2:54:36
,223,Spectrogram 1,1,46075.54364,46076.51287,4.159,39.515,,0.512,,7.812,23.438,19.531,27.344,,,,,10,156.8,LF,LFD,46075.54364,55:29.5,2:55:29
,224,Spectrogram 1,1,46085.15771,46086.09963,8.206,33.736,,0.512,,7.812,19.531,15.625,23.438,,,,,10,154.8,LF,LFD,46085.15771,55:39.2,2:55:39
,225,Spectrogram 1,1,46103.95572,46105.22772,13.677,38.295,,0.512,,7.812,23.438,19.531,27.344,,,,,22,166.8,LF,LFD,46103.95572,55:58.0,2:55:57
,230,Spectrogram 1,1,46157.26778,46158.53978,10.942,62.392,,0.512,,7.812,23.438,19.531,27.344,,,,,19,169.8,LF,LFD,46157.26778,56:51.3,2:56:51
,231,Spectrogram 1,1,46168.08717,46169.43153,10.942,76.95,,0.64,,7.812,19.531,15.625,23.438,,,,,21,166.8,LF,LFC,46168.08717,57:02.1,2:57:02
,232,Spectrogram 1,1,46177.41025,46178.51579,9.118,51.993,,0.64,,7.812,19.531,15.625,23.438,,,,,19,164.8,LF,LFC,46177.41025,57:11.4,2:57:11
,233,Spectrogram 1,1,46186.3651,46187.50828,9.118,34.648,,0.512,,7.812,19.531,15.625,23.438,,,,,22,166.8,LF,LFC,46186.3651,57:20.4,2:57:20
,234,Spectrogram 1,1,46195.88835,46196.83832,9.118,46.794,,0.512,,7.812,19.531,15.625,23.438,,,,,20,163.8,LF,LFC,46195.88835,57:29.9,2:57:29
,235,Spectrogram 1,1,46202.06811,46203.71044,11.853,58.232,,0.64,,7.812,23.438,19.531,27.344,,,,,24,167.8,LF,LFD,46202.06811,57:36.1,2:57:36
,236,Spectrogram 1,1,46212.96153,46214.10472,10.03,51.993,,0.512,,7.812,19.531,15.625,23.438,,,,,16,160.8,LF,LFC,46212.96153,57:47.0,2:57:46
,237,Spectrogram 1,1,46222.45321,46223.67791,6.239,72.79,,0.512,,7.812,19.531,15.625,23.438,,,,,22,165.8,LF,LFC,46222.45321,57:56.5,2:57:56
,238,Spectrogram 1,1,46230.93468,46232.08592,8.206,69.671,,0.64,,7.812,19.531,15.625,23.438,,,,,19,162.8,LF,LFC,46230.93468,58:04.9,2:58:04
,240,Spectrogram 1,1,46247.6745,46248.73718,6.239,63.432,,0.64,,7.812,19.531,15.625,23.438,,,,,21,164.8,LF,LFC,46247.6745,58:21.7,2:58:21
,242,Spectrogram 1,1,46266.31269,46267.33685,4.159,53.033,,0.64,,7.812,19.531,15.625,23.438,,,,,20,164.8,LF,LFC,46266.31269,58:40.3,2:58:40
,243,Spectrogram 1,1,46275.08192,46276.20141,6.239,43.674,,0.64,,7.812,19.531,15.625,23.438,,,,,20,163.8,LF,LFC,46275.08192,58:49.1,2:58:49
,244,Spectrogram 1,1,46283.0831,46284.37924,10.942,49.913,,0.64,,7.812,19.531,15.625,23.438,,,,,20,163.8,LF,LFC,46283.0831,58:57.1,2:58:57
,245,Spectrogram 1,1,46294.0253,46294.95917,12.765,44.714,,0.512,,7.812,19.531,15.625,23.438,,,,,10,154.8,LF,LFC,46294.0253,59:08.0,2:59:08
,246,Spectrogram 1,1,46302.86653,46304.16529,11.853,56.153,,0.512,,7.812,19.531,15.625,23.438,,,,,22,166.8,LF,LFC,46302.86653,59:16.9,2:59:16
,247,Spectrogram 1,1,46312.24372,46313.45131,7.279,56.153,,0.64,,7.812,19.531,15.625,23.438,,,,,24,167.8,LF,LFC,46312.24372,59:26.2,2:59:26
,248,Spectrogram 1,1,46322.77982,46323.96372,6.239,64.472,,0.512,,7.812,19.531,15.625,23.438,,,,,22,167.8,LF,LFC,46322.77982,59:36.8,2:59:36
,249,Spectrogram 1,1,46331.61391,46332.7249,9.118,49.913,,0.512,,7.812,19.531,15.625,23.438,,,,,17,163.8,LF,LFC,46331.61391,59:45.6,2:59:45
,252,Spectrogram 1,1,46356.30997,46357.52561,12.765,53.033,,0.512,,7.812,23.438,19.531,27.344,,,,,11,164.8,LF,LFD,46356.30997,00:10.3,3:00:10
,262,Spectrogram 1,1,46632.58494,46634.34803,8.319,41.943,,0.512,,11.719,23.438,19.531,31.25,,,,,19,166.8,LF,LFD,46632.58494,04:46.6,3:04:46
,263,Spectrogram 1,1,46660.14157,46661.58469,9.118,84.229,,0.512,,7.812,19.531,15.625,23.438,,,,,10,163.8,LF,LFD,46660.14157,05:14.1,3:05:14
,264,Spectrogram 1,1,46704.21719,46705.5814,9.118,57.192,,0.512,,7.812,23.438,19.531,27.344,,,,,24,171.8,LF,LFD,46704.21719,05:58.2,3:05:58
,271,Spectrogram 1,1,46934.98961,46936.14721,6.239,54.073,,0.384,,7.812,23.438,19.531,27.344,,,,,12,165.8,LF,LFD,46934.98961,09:49.0,3:09:48
,272,Spectrogram 1,1,46945.21743,46946.54578,9.118,56.153,,0.64,,7.812,19.531,15.625,23.438,,,,,20,165.8,LF,LFC,46945.21743,09:59.2,3:09:59
,273,Spectrogram 1,1,46953.79884,46954.96617,6.239,51.993,,0.64,,7.812,19.531,15.625,23.438,,,,,20,166.8,LF,LFC,46953.79884,10:07.8,3:10:07
,274,Spectrogram 1,1,46963.51268,46964.84149,9.118,49.913,,0.512,,7.812,19.531,15.625,23.438,,,,,21,165.8,LF,LFC,46963.51268,10:17.5,3:10:17
,275,Spectrogram 1,1,46971.05448,46972.39893,10.942,50.953,,0.64,,7.812,19.531,15.625,23.438,,,,,21,165.8,LF,LFD,46971.05448,10:25.1,3:10:25
,277,Spectrogram 1,1,46986.14688,46987.74456,6.383,55.113,,0.64,,7.812,23.438,19.531,27.344,,,,,21,165.8,LF,LFD,46986.14688,10:40.1,3:10:40
,284,Spectrogram 1,1,47200.90448,47201.96716,10.03,35.56,,0.384,,7.812,19.531,15.625,23.438,,,,,12,157.8,LF,LFC,47200.90448,14:14.9,3:14:14
,296,Spectrogram 1,1,47386.005,47387.51197,10.942,55.113,,0.512,,7.812,23.438,19.531,27.344,,,,,11,166.8,LF,LFD,47386.005,17:20.0,3:17:20
,299,Spectrogram 1,1,47414.29561,47415.30999,9.118,50.953,,0.512,,7.812,19.531,15.625,23.438,,,,,20,167.8,LF,LFC,47414.29561,17:48.3,3:17:48
,301,Spectrogram 1,1,47429.8602,47430.96314,9.359,42.854,,0.512,,7.812,23.438,19.531,27.344,,,,,20,166.8,LF,LFD,47429.8602,18:03.9,3:18:03
,303,Spectrogram 1,1,47448.81721,47449.86379,10.942,54.073,,0.512,,7.812,19.531,15.625,23.438,,,,,20,168.8,LF,LFC,47448.81721,18:22.8,3:18:22
,304,Spectrogram 1,1,47459.20296,47460.3289,9.118,54.073,,0.512,,7.812,19.531,15.625,23.438,,,,,21,169.8,LF,LFC,47459.20296,18:33.2,3:18:33
,305,Spectrogram 1,1,47468.78517,47469.84785,7.279,48.874,,0.512,,7.812,19.531,15.625,23.438,,,,,21,167.8,LF,LFC,47468.78517,18:42.8,3:18:42
,306,Spectrogram 1,1,47475.42488,47476.73713,6.383,51.993,,0.768,,11.719,19.531,15.625,27.344,,,,,19,164.8,LF,LFD,47475.42488,18:49.4,3:18:49
,319,Spectrogram 1,1,47907.98838,47909.13962,9.118,53.033,,0.512,,7.812,23.438,19.531,27.344,,,,,11,155.8,LF,LFD,47907.98838,26:02.0,3:26:01
,327,Spectrogram 1,1,48034.05432,48035.40682,14.589,60.312,,0.384,,11.719,23.438,19.531,31.25,,,,,18,170.8,LF,LFD,48034.05432,28:08.1,3:28:08
,329,Spectrogram 1,1,48067.55092,48068.72631,7.294,49.913,,0.64,,7.812,19.531,15.625,23.438,,,,,21,165.8,LF,LFC,48067.55092,28:41.6,3:28:41
,330,Spectrogram 1,1,48083.75891,48084.92625,8.206,50.953,,0.512,,7.812,19.531,15.625,23.438,,,,,22,167.8,LF,LFC,48083.75891,28:57.8,3:28:57
,331,Spectrogram 1,1,48099.01631,48100.18365,8.206,30.089,,0.512,,7.812,19.531,15.625,23.438,,,,,19,166.8,LF,LFC,48099.01631,29:13.0,3:29:13
,333,Spectrogram 1,1,48131.18965,48132.11547,6.383,70.711,,0.384,,7.812,19.531,15.625,23.438,,,,,12,162.8,LF,LFC,48131.18965,29:45.2,3:29:45
,334,Spectrogram 1,1,48146.6611,48147.92082,8.206,32.825,,0.64,,7.812,19.531,15.625,23.438,,,,,19,163.8,LF,LFC,48146.6611,30:00.7,3:30:00
,337,Spectrogram 1,1,48154.11391,48155.41811,8.206,82.101,,0.512,,7.812,19.531,15.625,23.438,,,,,26,170.8,LF,LFC,48154.11391,30:08.1,3:30:08
,336,Spectrogram 1,1,48160.10625,48161.89348,7.294,85.43,,0.512,,11.719,19.531,15.625,27.344,,,,,25,169.8,LF,LFD,48160.10625,30:14.1,3:30:14
,344,Spectrogram 1,1,48572.76339,48573.93878,10.942,48.817,,0.512,,7.812,19.531,15.625,23.438,,,,,14,158.8,LF,LFC,48572.76339,37:06.8,3:37:06
,345,Spectrogram 1,1,48588.24373,48589.32251,10.03,56.583,,0.64,,7.812,19.531,15.625,23.438,,,,,13,157.8,LF,LFC,48588.24373,37:22.2,3:37:22
,353,Spectrogram 1,1,48719.18075,48720.27564,6.657,59.912,,0.64,,7.812,19.531,15.625,23.438,,,,,15,159.8,LF,LFC,48719.18075,39:33.2,3:39:33
,355,Spectrogram 1,1,48750.26652,48751.46606,9.118,49.926,,0.64,,7.812,19.531,15.625,23.438,,,,,19,161.8,LF,LFC,48750.26652,40:04.3,3:40:04
,369,Spectrogram 1,1,48983.07628,48984.95207,11.853,62.131,,0.512,,11.719,23.438,19.531,31.25,,,,,25,169.8,LF,LFD,48983.07628,43:57.1,3:43:57
,372,Spectrogram 1,1,49010.98961,49012.27602,7.766,53.255,,0.512,,7.812,19.531,15.625,23.438,,,,,18,162.8,LF,LFC,49010.98961,44:25.0,3:44:24
,373,Spectrogram 1,1,49017.98666,49019.84635,6.657,75.444,,0.512,,11.719,23.438,19.531,31.25,,,,,24,168.8,LF,LFD,49017.98666,44:32.0,3:44:31
,374,Spectrogram 1,1,49028.20061,49029.34379,9.118,53.255,,0.512,,7.812,19.531,15.625,23.438,,,,,17,161.8,LF,LFC,49028.20061,44:42.2,3:44:42
,375,Spectrogram 1,1,49037.06805,49038.26759,9.118,48.817,,0.64,,7.812,19.531,15.625,23.438,,,,,14,160.8,LF,LFC,49037.06805,44:51.1,3:44:51
,376,Spectrogram 1,1,49048.00499,49049.20444,8.206,45.489,,0.64,,7.812,19.531,15.625,23.438,,,,,15,159.8,LF,LFC,49048.00499,45:02.0,3:45:02
,377,Spectrogram 1,1,49057.58935,49058.68424,8.206,48.817,,0.512,,7.812,19.531,15.625,23.438,,,,,17,161.8,LF,LFC,49057.58935,45:11.6,3:45:11
,378,Spectrogram 1,1,49063.47984,49065.21072,7.766,50.149,,0.512,,11.719,23.438,19.531,31.25,,,,,28,171.8,LF,LFD,49063.47984,45:17.5,3:45:17
,379,Spectrogram 1,1,49073.68488,49074.80391,6.657,49.926,,0.512,,7.812,19.531,15.625,23.438,,,,,12,156.8,LF,LFC,49073.68488,45:27.7,3:45:27
,380,Spectrogram 1,1,49080.96868,49082.33505,6.657,39.941,,0.256,,7.812,23.438,19.531,27.344,,,,,22,166.8,LF,LFD,49080.96868,45:35.0,3:45:34
,381,Spectrogram 1,1,49089.95249,49091.20033,7.294,34.648,,0.384,,7.812,19.531,15.625,23.438,,,,,18,162.8,LF,LFC,49089.95249,45:44.0,3:45:43
,382,Spectrogram 1,1,49099.43021,49100.58781,9.118,46.598,,0.384,,7.812,19.531,15.625,23.438,,,,,18,162.8,LF,LFC,49099.43021,45:53.4,3:45:53
,384,Spectrogram 1,1,49118.64677,49119.38743,5.547,44.379,,0.384,,7.812,19.531,15.625,23.438,,,,,11,154.8,LF,LFC,49118.64677,46:12.6,3:46:12
,390,Spectrogram 1,1,49194.16769,49195.6007,10.03,43.766,,0.64,,7.812,23.438,19.531,27.344,,,,,21,164.8,LF,LFD,49194.16769,47:28.2,3:47:28
,394,Spectrogram 1,1,49318.18962,49319.31876,10.03,56.583,,0.512,,11.719,19.531,15.625,27.344,,,,,28,173.8,LF,LFD,49318.18962,49:32.2,3:49:32
,395,Spectrogram 1,1,49334.805,49335.84934,8.206,49.926,,0.384,,7.812,19.531,15.625,23.438,,,,,28,171.8,LF,LFC,49334.805,49:48.8,3:49:48
,396,Spectrogram 1,1,49350.52941,49351.72895,7.766,48.817,,0.384,,7.812,19.531,15.625,23.438,,,,,22,166.8,LF,LFC,49350.52941,50:04.5,3:50:04
,397,Spectrogram 1,1,49368.64372,49370.04453,6.657,46.598,,0.64,,7.812,19.531,15.625,23.438,,,,,18,163.8,LF,LFC,49368.64372,50:22.6,3:50:22
,400,Spectrogram 1,1,49791.45586,49792.92107,6.383,61.021,,0.768,,15.625,23.438,11.719,27.344,,,,,14,159.8,LF,LFD,49791.45586,57:25.5,3:57:25
,408,Spectrogram 1,1,49829.97037,49831.51609,10.942,76.554,,0.512,,7.812,23.438,19.531,27.344,,,,,12,163.8,LF,LFD,49829.97037,58:04.0,3:58:03
,409,Spectrogram 1,1,49838.07319,49839.19222,7.766,49.926,,0.512,,7.812,19.531,15.625,23.438,,,,,17,162.8,LF,LFC,49838.07319,58:12.1,3:58:12
,418,Spectrogram 1,1,50148.8178,50149.61481,9.118,30.089,,0.512,,11.719,19.531,11.719,23.438,,,,,26,173.8,LF,LFC,50148.8178,03:22.8,4:03:22
,423,Spectrogram 1,1,50218.35241,50219.44729,7.294,52.145,,0.512,,7.812,19.531,15.625,23.438,,,,,23,167.8,LF,LFC,50218.35241,04:32.4,4:04:32
,424,Spectrogram 1,1,50224.60518,50226.42462,3.328,93.196,,0.896,,11.719,19.531,15.625,27.344,,,,,21,165.8,LF,LFD,50224.60518,04:38.6,4:04:38
,425,Spectrogram 1,1,50240.75473,50241.85766,6.383,31.001,,0.64,,7.812,19.531,15.625,23.438,,,,,23,166.8,LF,LFC,50240.75473,04:54.8,4:04:54
,426,Spectrogram 1,1,50256.09974,50257.18657,9.118,56.649,,0.64,,7.812,19.531,15.625,23.438,,,,,23,166.8,LF,LFC,50256.09974,05:10.1,4:05:10
,427,Spectrogram 1,1,50274.84195,50276.05759,2.411,48.212,,0.64,,7.812,19.531,15.625,23.438,,,,,21,164.8,LF,LFC,50274.84195,05:28.8,4:05:28
,428,Spectrogram 1,1,50290.66682,50291.85026,8.206,53.033,,0.512,,7.812,19.531,15.625,23.438,,,,,23,166.8,LF,LFC,50290.66682,05:44.7,4:05:44
,429,Spectrogram 1,1,50306.44659,50307.61393,9.118,47.007,,0.512,,7.812,19.531,15.625,23.438,,,,,23,166.8,LF,LFC,50306.44659,06:00.4,4:06:00
,430,Spectrogram 1,1,50322.73784,50323.80857,7.232,51.828,,0.512,,7.812,19.531,15.625,23.438,,,,,21,164.8,LF,LFC,50322.73784,06:16.7,4:06:16
,431,Spectrogram 1,1,50338.60296,50339.74614,7.294,49.417,,0.64,,7.812,19.531,15.625,23.438,,,,,21,164.8,LF,LFC,50338.60296,06:32.6,4:06:32
,436,Spectrogram 1,1,50372.8405,50374.32182,10.03,38.295,,0.512,,11.719,23.438,19.531,31.25,,,,,25,167.8,LF,LFD,50372.8405,07:06.8,4:07:06
,437,Spectrogram 1,1,50380.77952,50382.18032,11.853,83.165,,0.384,,7.812,23.438,19.531,27.344,,,,,25,170.8,LF,LFD,50380.77952,07:14.8,4:07:14
,438,Spectrogram 1,1,50390.61618,50391.63861,7.232,54.238,,0.768,,15.625,15.625,7.812,23.438,,,,,10,157.8,LF,LFC,50390.61618,07:24.6,4:07:24
